{
  "dataset_revision": "c22ab2a51041ffd869aaddef7af8d8215647e41a",
  "mteb_dataset_name": "ArguAna",
  "mteb_version": "1.2.0",
  "test": {
    "evaluation_time": 499.17,
    "map_at_1": 0.1707,
    "map_at_10": 0.30059,
    "map_at_100": 0.31358,
    "map_at_1000": 0.31396,
    "map_at_3": 0.25439,
    "map_at_5": 0.27875,
    "mrr_at_1": 0.17639,
    "mrr_at_10": 0.30309,
    "mrr_at_100": 0.31602,
    "mrr_at_1000": 0.31639,
    "mrr_at_3": 0.25569,
    "mrr_at_5": 0.28137,
    "ndcg_at_1": 0.1707,
    "ndcg_at_10": 0.37931,
    "ndcg_at_100": 0.43963,
    "ndcg_at_1000": 0.44937,
    "ndcg_at_3": 0.28234,
    "ndcg_at_5": 0.32626,
    "precision_at_1": 0.1707,
    "precision_at_10": 0.06344,
    "precision_at_100": 0.0091,
    "precision_at_1000": 0.00099,
    "precision_at_3": 0.12115,
    "precision_at_5": 0.09403,
    "recall_at_1": 0.1707,
    "recall_at_10": 0.63442,
    "recall_at_100": 0.91038,
    "recall_at_1000": 0.98649,
    "recall_at_3": 0.36344,
    "recall_at_5": 0.47013
  }
}