{
  "dataset_revision": "bea83ef9e8fb933d90a2f1d5515737465d613e12",
  "mteb_dataset_name": "FEVER",
  "mteb_version": "1.2.0",
  "test": {
    "evaluation_time": 160518.82,
    "map_at_1": 0.09137,
    "map_at_10": 0.13637,
    "map_at_100": 0.14443,
    "map_at_1000": 0.14515,
    "map_at_3": 0.11956,
    "map_at_5": 0.12861,
    "mrr_at_1": 0.09766,
    "mrr_at_10": 0.14536,
    "mrr_at_100": 0.15374,
    "mrr_at_1000": 0.15444,
    "mrr_at_3": 0.12791,
    "mrr_at_5": 0.13751,
    "ndcg_at_1": 0.09766,
    "ndcg_at_10": 0.16602,
    "ndcg_at_100": 0.20925,
    "ndcg_at_1000": 0.23097,
    "ndcg_at_3": 0.13099,
    "ndcg_at_5": 0.14729,
    "precision_at_1": 0.09766,
    "precision_at_10": 0.02732,
    "precision_at_100": 0.00506,
    "precision_at_1000": 0.00071,
    "precision_at_3": 0.05601,
    "precision_at_5": 0.04215,
    "recall_at_1": 0.09137,
    "recall_at_10": 0.2517,
    "recall_at_100": 0.45747,
    "recall_at_1000": 0.62921,
    "recall_at_3": 0.15547,
    "recall_at_5": 0.19445
  }
}