{
  "dataset_revision": "ab518f4d6fcca38d87c25209f94beba119d02014",
  "mteb_dataset_name": "HotpotQA",
  "mteb_version": "1.2.0",
  "test": {
    "evaluation_time": 99534.28,
    "map_at_1": 0.05841,
    "map_at_10": 0.08488,
    "map_at_100": 0.08985,
    "map_at_1000": 0.09065,
    "map_at_3": 0.07558,
    "map_at_5": 0.08052,
    "mrr_at_1": 0.11681,
    "mrr_at_10": 0.15606,
    "mrr_at_100": 0.16206,
    "mrr_at_1000": 0.16278,
    "mrr_at_3": 0.14283,
    "mrr_at_5": 0.15019,
    "ndcg_at_1": 0.11681,
    "ndcg_at_10": 0.11658,
    "ndcg_at_100": 0.14366,
    "ndcg_at_1000": 0.16721,
    "ndcg_at_3": 0.0962,
    "ndcg_at_5": 0.10577,
    "precision_at_1": 0.11681,
    "precision_at_10": 0.02781,
    "precision_at_100": 0.00498,
    "precision_at_1000": 0.00082,
    "precision_at_3": 0.06185,
    "precision_at_5": 0.04473,
    "recall_at_1": 0.05841,
    "recall_at_10": 0.13903,
    "recall_at_100": 0.24889,
    "recall_at_1000": 0.40864,
    "recall_at_3": 0.09278,
    "recall_at_5": 0.11182
  }
}