{
  "dataset_revision": "ec0fa4fe99da2ff19ca1214b7966684033a58814",
  "mteb_dataset_name": "NFCorpus",
  "mteb_version": "1.2.0",
  "test": {
    "evaluation_time": 269.09,
    "map_at_1": 0.00567,
    "map_at_10": 0.01812,
    "map_at_100": 0.02513,
    "map_at_1000": 0.03379,
    "map_at_3": 0.01213,
    "map_at_5": 0.01536,
    "mrr_at_1": 0.09598,
    "mrr_at_10": 0.15729,
    "mrr_at_100": 0.17034,
    "mrr_at_1000": 0.17149,
    "mrr_at_3": 0.12745,
    "mrr_at_5": 0.1437,
    "ndcg_at_1": 0.08978,
    "ndcg_at_10": 0.07455,
    "ndcg_at_100": 0.0956,
    "ndcg_at_1000": 0.20193,
    "ndcg_at_3": 0.07367,
    "ndcg_at_5": 0.07593,
    "precision_at_1": 0.09598,
    "precision_at_10": 0.05913,
    "precision_at_100": 0.03133,
    "precision_at_1000": 0.01607,
    "precision_at_3": 0.06811,
    "precision_at_5": 0.06811,
    "recall_at_1": 0.00567,
    "recall_at_10": 0.04241,
    "recall_at_100": 0.14025,
    "recall_at_1000": 0.50359,
    "recall_at_3": 0.0185,
    "recall_at_5": 0.02762
  }
}