{
  "dataset_revision": "b774495ed302d8c44a3a7ea25c90dbce03968f31",
  "mteb_dataset_name": "NQ",
  "mteb_version": "1.2.0",
  "test": {
    "evaluation_time": 79486.45,
    "map_at_1": 0.00826,
    "map_at_10": 0.02148,
    "map_at_100": 0.02557,
    "map_at_1000": 0.02627,
    "map_at_3": 0.01546,
    "map_at_5": 0.01836,
    "mrr_at_1": 0.00985,
    "mrr_at_10": 0.02471,
    "mrr_at_100": 0.02894,
    "mrr_at_1000": 0.0296,
    "mrr_at_3": 0.01849,
    "mrr_at_5": 0.02146,
    "ndcg_at_1": 0.00985,
    "ndcg_at_10": 0.03155,
    "ndcg_at_100": 0.0543,
    "ndcg_at_1000": 0.0768,
    "ndcg_at_3": 0.01891,
    "ndcg_at_5": 0.02414,
    "precision_at_1": 0.00985,
    "precision_at_10": 0.00716,
    "precision_at_100": 0.00209,
    "precision_at_1000": 0.00043,
    "precision_at_3": 0.01033,
    "precision_at_5": 0.00915,
    "recall_at_1": 0.00826,
    "recall_at_10": 0.05997,
    "recall_at_100": 0.16725,
    "recall_at_1000": 0.34618,
    "recall_at_3": 0.02588,
    "recall_at_5": 0.03819
  }
}