{
  "dataset_revision": null,
  "mteb_dataset_name": "QuoraRetrieval",
  "mteb_version": "1.2.0",
  "test": {
    "evaluation_time": 2921.52,
    "map_at_1": 0.40649,
    "map_at_10": 0.50166,
    "map_at_100": 0.51093,
    "map_at_1000": 0.51169,
    "map_at_3": 0.47558,
    "map_at_5": 0.48994,
    "mrr_at_1": 0.4685,
    "mrr_at_10": 0.54696,
    "mrr_at_100": 0.5528,
    "mrr_at_1000": 0.55316,
    "mrr_at_3": 0.52682,
    "mrr_at_5": 0.53859,
    "ndcg_at_1": 0.4688,
    "ndcg_at_10": 0.55147,
    "ndcg_at_100": 0.58837,
    "ndcg_at_1000": 0.60318,
    "ndcg_at_3": 0.50976,
    "ndcg_at_5": 0.5292,
    "precision_at_1": 0.4688,
    "precision_at_10": 0.08615,
    "precision_at_100": 0.01166,
    "precision_at_1000": 0.00138,
    "precision_at_3": 0.22117,
    "precision_at_5": 0.14948,
    "recall_at_1": 0.40649,
    "recall_at_10": 0.65412,
    "recall_at_100": 0.81149,
    "recall_at_1000": 0.91334,
    "recall_at_3": 0.53751,
    "recall_at_5": 0.58843
  }
}