{
  "dataset_revision": "0228b52cf27578f30900b9e5271d331663a030d7",
  "mteb_dataset_name": "SciFact",
  "mteb_version": "1.2.0",
  "test": {
    "evaluation_time": 367.33,
    "map_at_1": 0.14639,
    "map_at_10": 0.21586,
    "map_at_100": 0.22558,
    "map_at_1000": 0.22686,
    "map_at_3": 0.19694,
    "map_at_5": 0.20694,
    "mrr_at_1": 0.17,
    "mrr_at_10": 0.23491,
    "mrr_at_100": 0.24355,
    "mrr_at_1000": 0.24483,
    "mrr_at_3": 0.215,
    "mrr_at_5": 0.228,
    "ndcg_at_1": 0.16,
    "ndcg_at_10": 0.2529,
    "ndcg_at_100": 0.3077,
    "ndcg_at_1000": 0.34512,
    "ndcg_at_3": 0.21622,
    "ndcg_at_5": 0.2328,
    "precision_at_1": 0.16,
    "precision_at_10": 0.03933,
    "precision_at_100": 0.0071,
    "precision_at_1000": 0.00104,
    "precision_at_3": 0.09444,
    "precision_at_5": 0.06533,
    "recall_at_1": 0.14639,
    "recall_at_10": 0.35622,
    "recall_at_100": 0.62661,
    "recall_at_1000": 0.92444,
    "recall_at_3": 0.2575,
    "recall_at_5": 0.29861
  }
}