{
  "dataset_revision": "0228b52cf27578f30900b9e5271d331663a030d7",
  "mteb_dataset_name": "SciFact",
  "mteb_version": "1.2.0",
  "test": {
    "evaluation_time": 361.01,
    "map_at_1": 0.26028,
    "map_at_10": 0.36478,
    "map_at_100": 0.37583,
    "map_at_1000": 0.37654,
    "map_at_3": 0.33894,
    "map_at_5": 0.35356,
    "mrr_at_1": 0.28,
    "mrr_at_10": 0.37928,
    "mrr_at_100": 0.38842,
    "mrr_at_1000": 0.38907,
    "mrr_at_3": 0.355,
    "mrr_at_5": 0.36817,
    "ndcg_at_1": 0.28,
    "ndcg_at_10": 0.41747,
    "ndcg_at_100": 0.47201,
    "ndcg_at_1000": 0.491,
    "ndcg_at_3": 0.36663,
    "ndcg_at_5": 0.39043,
    "precision_at_1": 0.28,
    "precision_at_10": 0.06267,
    "precision_at_100": 0.00933,
    "precision_at_1000": 0.0011,
    "precision_at_3": 0.15778,
    "precision_at_5": 0.108,
    "recall_at_1": 0.26028,
    "recall_at_10": 0.56844,
    "recall_at_100": 0.82439,
    "recall_at_1000": 0.97167,
    "recall_at_3": 0.42706,
    "recall_at_5": 0.48594
  }
}