{
  "dataset_revision": "0228b52cf27578f30900b9e5271d331663a030d7",
  "mteb_dataset_name": "SciFact",
  "mteb_version": "1.2.0",
  "test": {
    "evaluation_time": 349.87,
    "map_at_1": 0.0,
    "map_at_10": 0.00043,
    "map_at_100": 0.00048,
    "map_at_1000": 0.001,
    "map_at_3": 0.0,
    "map_at_5": 0.0,
    "mrr_at_1": 0.00333,
    "mrr_at_10": 0.00333,
    "mrr_at_100": 0.00481,
    "mrr_at_1000": 0.00557,
    "mrr_at_3": 0.00333,
    "mrr_at_5": 0.00333,
    "ndcg_at_1": 0.0,
    "ndcg_at_10": 0.00136,
    "ndcg_at_100": 0.00191,
    "ndcg_at_1000": 0.02926,
    "ndcg_at_3": 0.0,
    "ndcg_at_5": 0.0,
    "precision_at_1": 0.0,
    "precision_at_10": 0.00067,
    "precision_at_100": 0.0001,
    "precision_at_1000": 0.00029,
    "precision_at_3": 0.0,
    "precision_at_5": 0.0,
    "recall_at_1": 0.0,
    "recall_at_10": 0.00417,
    "recall_at_100": 0.0075,
    "recall_at_1000": 0.25078,
    "recall_at_3": 0.0,
    "recall_at_5": 0.0
  }
}