{
  "dataset_revision": "c22ab2a51041ffd869aaddef7af8d8215647e41a",
  "mteb_dataset_name": "ArguAna",
  "mteb_version": "1.2.0",
  "test": {
    "evaluation_time": 519.75,
    "map_at_1": 0.19203,
    "map_at_10": 0.32734,
    "map_at_100": 0.34028,
    "map_at_1000": 0.34051,
    "map_at_3": 0.27347,
    "map_at_5": 0.30082,
    "mrr_at_1": 0.19203,
    "mrr_at_10": 0.32734,
    "mrr_at_100": 0.34028,
    "mrr_at_1000": 0.34051,
    "mrr_at_3": 0.27347,
    "mrr_at_5": 0.30082,
    "ndcg_at_1": 0.19203,
    "ndcg_at_10": 0.41441,
    "ndcg_at_100": 0.47075,
    "ndcg_at_1000": 0.47652,
    "ndcg_at_3": 0.30123,
    "ndcg_at_5": 0.35033,
    "precision_at_1": 0.19203,
    "precision_at_10": 0.06984,
    "precision_at_100": 0.00947,
    "precision_at_1000": 0.00099,
    "precision_at_3": 0.12731,
    "precision_at_5": 0.10014,
    "recall_at_1": 0.19203,
    "recall_at_10": 0.69844,
    "recall_at_100": 0.94666,
    "recall_at_1000": 0.99147,
    "recall_at_3": 0.38193,
    "recall_at_5": 0.50071
  }
}