{
  "dataset_revision": "ec0fa4fe99da2ff19ca1214b7966684033a58814",
  "mteb_dataset_name": "NFCorpus",
  "mteb_version": "1.2.0",
  "test": {
    "evaluation_time": 289.37,
    "map_at_1": 0.03547,
    "map_at_10": 0.08273,
    "map_at_100": 0.10178,
    "map_at_1000": 0.11232,
    "map_at_3": 0.06034,
    "map_at_5": 0.07103,
    "mrr_at_1": 0.33437,
    "mrr_at_10": 0.41577,
    "mrr_at_100": 0.42321,
    "mrr_at_1000": 0.42383,
    "mrr_at_3": 0.39061,
    "mrr_at_5": 0.40779,
    "ndcg_at_1": 0.31424,
    "ndcg_at_10": 0.2424,
    "ndcg_at_100": 0.22242,
    "ndcg_at_1000": 0.31405,
    "ndcg_at_3": 0.28043,
    "ndcg_at_5": 0.26803,
    "precision_at_1": 0.33437,
    "precision_at_10": 0.18204,
    "precision_at_100": 0.05437,
    "precision_at_1000": 0.01818,
    "precision_at_3": 0.26522,
    "precision_at_5": 0.23777,
    "recall_at_1": 0.03547,
    "recall_at_10": 0.1191,
    "recall_at_100": 0.24208,
    "recall_at_1000": 0.55542,
    "recall_at_3": 0.07356,
    "recall_at_5": 0.0937
  }
}