{
  "dataset_revision": "0228b52cf27578f30900b9e5271d331663a030d7",
  "mteb_dataset_name": "SciFact",
  "mteb_version": "1.2.0",
  "test": {
    "evaluation_time": 390.86,
    "map_at_1": 0.41817,
    "map_at_10": 0.53065,
    "map_at_100": 0.53852,
    "map_at_1000": 0.53883,
    "map_at_3": 0.49474,
    "map_at_5": 0.5153,
    "mrr_at_1": 0.44333,
    "mrr_at_10": 0.54342,
    "mrr_at_100": 0.55059,
    "mrr_at_1000": 0.55085,
    "mrr_at_3": 0.51667,
    "mrr_at_5": 0.53117,
    "ndcg_at_1": 0.44333,
    "ndcg_at_10": 0.58864,
    "ndcg_at_100": 0.62423,
    "ndcg_at_1000": 0.63324,
    "ndcg_at_3": 0.52516,
    "ndcg_at_5": 0.55506,
    "precision_at_1": 0.44333,
    "precision_at_10": 0.08533,
    "precision_at_100": 0.01037,
    "precision_at_1000": 0.00112,
    "precision_at_3": 0.21222,
    "precision_at_5": 0.14533,
    "recall_at_1": 0.41817,
    "recall_at_10": 0.75572,
    "recall_at_100": 0.91756,
    "recall_at_1000": 0.99,
    "recall_at_3": 0.58483,
    "recall_at_5": 0.65606
  }
}