{
  "dataset_revision": "0228b52cf27578f30900b9e5271d331663a030d7",
  "mteb_dataset_name": "SciFact",
  "mteb_version": "1.2.0",
  "test": {
    "evaluation_time": 367.74,
    "map_at_1": 0.11611,
    "map_at_10": 0.18152,
    "map_at_100": 0.19224,
    "map_at_1000": 0.19348,
    "map_at_3": 0.15139,
    "map_at_5": 0.17342,
    "mrr_at_1": 0.13667,
    "mrr_at_10": 0.19913,
    "mrr_at_100": 0.20876,
    "mrr_at_1000": 0.2099,
    "mrr_at_3": 0.17278,
    "mrr_at_5": 0.18844,
    "ndcg_at_1": 0.13333,
    "ndcg_at_10": 0.22477,
    "ndcg_at_100": 0.28244,
    "ndcg_at_1000": 0.31875,
    "ndcg_at_3": 0.16634,
    "ndcg_at_5": 0.20526,
    "precision_at_1": 0.13333,
    "precision_at_10": 0.03867,
    "precision_at_100": 0.00707,
    "precision_at_1000": 0.00104,
    "precision_at_3": 0.07444,
    "precision_at_5": 0.06533,
    "recall_at_1": 0.11611,
    "recall_at_10": 0.34861,
    "recall_at_100": 0.62683,
    "recall_at_1000": 0.91722,
    "recall_at_3": 0.19333,
    "recall_at_5": 0.28861
  }
}