{
  "dataset_revision": "c22ab2a51041ffd869aaddef7af8d8215647e41a",
  "mteb_dataset_name": "ArguAna",
  "mteb_version": "1.2.0",
  "test": {
    "evaluation_time": 543.32,
    "map_at_1": 0.09957,
    "map_at_10": 0.2077,
    "map_at_100": 0.22525,
    "map_at_1000": 0.22566,
    "map_at_3": 0.16275,
    "map_at_5": 0.1853,
    "mrr_at_1": 0.09957,
    "mrr_at_10": 0.2077,
    "mrr_at_100": 0.22525,
    "mrr_at_1000": 0.22566,
    "mrr_at_3": 0.16275,
    "mrr_at_5": 0.1853,
    "ndcg_at_1": 0.09957,
    "ndcg_at_10": 0.28089,
    "ndcg_at_100": 0.36171,
    "ndcg_at_1000": 0.37334,
    "ndcg_at_3": 0.18528,
    "ndcg_at_5": 0.22581,
    "precision_at_1": 0.09957,
    "precision_at_10": 0.05213,
    "precision_at_100": 0.00888,
    "precision_at_1000": 0.00098,
    "precision_at_3": 0.08369,
    "precision_at_5": 0.06984,
    "recall_at_1": 0.09957,
    "recall_at_10": 0.52134,
    "recall_at_100": 0.88834,
    "recall_at_1000": 0.98151,
    "recall_at_3": 0.25107,
    "recall_at_5": 0.34922
  }
}