{
  "dataset_revision": "ec0fa4fe99da2ff19ca1214b7966684033a58814",
  "mteb_dataset_name": "NFCorpus",
  "mteb_version": "1.2.0",
  "test": {
    "evaluation_time": 291.4,
    "map_at_1": 0.03439,
    "map_at_10": 0.07898,
    "map_at_100": 0.09479,
    "map_at_1000": 0.10441,
    "map_at_3": 0.05822,
    "map_at_5": 0.06714,
    "mrr_at_1": 0.33127,
    "mrr_at_10": 0.41333,
    "mrr_at_100": 0.42042,
    "mrr_at_1000": 0.42114,
    "mrr_at_3": 0.39319,
    "mrr_at_5": 0.40387,
    "ndcg_at_1": 0.31424,
    "ndcg_at_10": 0.23045,
    "ndcg_at_100": 0.20699,
    "ndcg_at_1000": 0.30314,
    "ndcg_at_3": 0.27526,
    "ndcg_at_5": 0.25211,
    "precision_at_1": 0.33127,
    "precision_at_10": 0.16997,
    "precision_at_100": 0.04938,
    "precision_at_1000": 0.01742,
    "precision_at_3": 0.25903,
    "precision_at_5": 0.2161,
    "recall_at_1": 0.03439,
    "recall_at_10": 0.11509,
    "recall_at_100": 0.21924,
    "recall_at_1000": 0.55582,
    "recall_at_3": 0.06907,
    "recall_at_5": 0.08593
  }
}