{
  "dataset_revision": null,
  "mteb_dataset_name": "QuoraRetrieval",
  "mteb_version": "1.2.0",
  "test": {
    "evaluation_time": 3186.53,
    "map_at_1": 0.53321,
    "map_at_10": 0.65653,
    "map_at_100": 0.6664,
    "map_at_1000": 0.66687,
    "map_at_3": 0.6248,
    "map_at_5": 0.64346,
    "mrr_at_1": 0.6134,
    "mrr_at_10": 0.69801,
    "mrr_at_100": 0.70225,
    "mrr_at_1000": 0.70239,
    "mrr_at_3": 0.67823,
    "mrr_at_5": 0.69037,
    "ndcg_at_1": 0.6134,
    "ndcg_at_10": 0.70926,
    "ndcg_at_100": 0.74088,
    "ndcg_at_1000": 0.74748,
    "ndcg_at_3": 0.66414,
    "ndcg_at_5": 0.68707,
    "precision_at_1": 0.6134,
    "precision_at_10": 0.11055,
    "precision_at_100": 0.0141,
    "precision_at_1000": 0.00153,
    "precision_at_3": 0.29013,
    "precision_at_5": 0.19528,
    "recall_at_1": 0.53321,
    "recall_at_10": 0.81981,
    "recall_at_100": 0.94504,
    "recall_at_1000": 0.98659,
    "recall_at_3": 0.69644,
    "recall_at_5": 0.75582
  }
}