{
  "dataset_revision": "0228b52cf27578f30900b9e5271d331663a030d7",
  "mteb_dataset_name": "SciFact",
  "mteb_version": "1.2.0",
  "test": {
    "evaluation_time": 389.8,
    "map_at_1": 0.3575,
    "map_at_10": 0.46114,
    "map_at_100": 0.46946,
    "map_at_1000": 0.4699,
    "map_at_3": 0.42541,
    "map_at_5": 0.44852,
    "mrr_at_1": 0.37667,
    "mrr_at_10": 0.47393,
    "mrr_at_100": 0.48082,
    "mrr_at_1000": 0.48113,
    "mrr_at_3": 0.44278,
    "mrr_at_5": 0.46261,
    "ndcg_at_1": 0.37667,
    "ndcg_at_10": 0.51753,
    "ndcg_at_100": 0.56141,
    "ndcg_at_1000": 0.57244,
    "ndcg_at_3": 0.4531,
    "ndcg_at_5": 0.48889,
    "precision_at_1": 0.37667,
    "precision_at_10": 0.07567,
    "precision_at_100": 0.0101,
    "precision_at_1000": 0.00111,
    "precision_at_3": 0.18556,
    "precision_at_5": 0.132,
    "recall_at_1": 0.3575,
    "recall_at_10": 0.6795,
    "recall_at_100": 0.89378,
    "recall_at_1000": 0.98,
    "recall_at_3": 0.50772,
    "recall_at_5": 0.59422
  }
}