{
  "dataset_revision": "0228b52cf27578f30900b9e5271d331663a030d7",
  "mteb_dataset_name": "SciFact",
  "mteb_version": "1.2.0",
  "test": {
    "evaluation_time": 360.27,
    "map_at_1": 0.64994,
    "map_at_10": 0.74749,
    "map_at_100": 0.75115,
    "map_at_1000": 0.75131,
    "map_at_3": 0.71824,
    "map_at_5": 0.7371,
    "mrr_at_1": 0.68333,
    "mrr_at_10": 0.75735,
    "mrr_at_100": 0.75909,
    "mrr_at_1000": 0.75926,
    "mrr_at_3": 0.73556,
    "mrr_at_5": 0.74739,
    "ndcg_at_1": 0.68333,
    "ndcg_at_10": 0.7916,
    "ndcg_at_100": 0.80399,
    "ndcg_at_1000": 0.80794,
    "ndcg_at_3": 0.74361,
    "ndcg_at_5": 0.76861,
    "precision_at_1": 0.68333,
    "precision_at_10": 0.10333,
    "precision_at_100": 0.011,
    "precision_at_1000": 0.00113,
    "precision_at_3": 0.28778,
    "precision_at_5": 0.19067,
    "recall_at_1": 0.64994,
    "recall_at_10": 0.91822,
    "recall_at_100": 0.97,
    "recall_at_1000": 1.0,
    "recall_at_3": 0.78878,
    "recall_at_5": 0.85172
  }
}