{
  "dataset_revision": "c5a29a104738b98a9e76336939199e264163d4a0",
  "dev": {
    "evaluation_time": 249125.18,
    "map_at_1": 0.03278,
    "map_at_10": 0.05999,
    "map_at_100": 0.06699,
    "map_at_1000": 0.06787,
    "map_at_3": 0.04894,
    "map_at_5": 0.05499,
    "mrr_at_1": 0.03381,
    "mrr_at_10": 0.06189,
    "mrr_at_100": 0.06897,
    "mrr_at_1000": 0.06981,
    "mrr_at_3": 0.05067,
    "mrr_at_5": 0.05686,
    "ndcg_at_1": 0.03381,
    "ndcg_at_10": 0.07791,
    "ndcg_at_100": 0.11654,
    "ndcg_at_1000": 0.1434,
    "ndcg_at_3": 0.05487,
    "ndcg_at_5": 0.06583,
    "precision_at_1": 0.03381,
    "precision_at_10": 0.01397,
    "precision_at_100": 0.00342,
    "precision_at_1000": 0.00057,
    "precision_at_3": 0.02436,
    "precision_at_5": 0.02011,
    "recall_at_1": 0.03278,
    "recall_at_10": 0.1337,
    "recall_at_100": 0.32239,
    "recall_at_1000": 0.53869,
    "recall_at_3": 0.0704,
    "recall_at_5": 0.09684
  },
  "mteb_dataset_name": "MSMARCO",
  "mteb_version": "1.2.0"
}