{
  "dataset_revision": "0228b52cf27578f30900b9e5271d331663a030d7",
  "mteb_dataset_name": "SciFact",
  "mteb_version": "1.2.0",
  "test": {
    "evaluation_time": 358.25,
    "map_at_1": 0.42094,
    "map_at_10": 0.52442,
    "map_at_100": 0.53265,
    "map_at_1000": 0.53313,
    "map_at_3": 0.48789,
    "map_at_5": 0.51283,
    "mrr_at_1": 0.45,
    "mrr_at_10": 0.54026,
    "mrr_at_100": 0.54691,
    "mrr_at_1000": 0.54733,
    "mrr_at_3": 0.50889,
    "mrr_at_5": 0.52972,
    "ndcg_at_1": 0.45,
    "ndcg_at_10": 0.58027,
    "ndcg_at_100": 0.61493,
    "ndcg_at_1000": 0.62713,
    "ndcg_at_3": 0.5138,
    "ndcg_at_5": 0.55357,
    "precision_at_1": 0.45,
    "precision_at_10": 0.08233,
    "precision_at_100": 0.01013,
    "precision_at_1000": 0.00112,
    "precision_at_3": 0.20556,
    "precision_at_5": 0.14667,
    "recall_at_1": 0.42094,
    "recall_at_10": 0.73989,
    "recall_at_100": 0.89139,
    "recall_at_1000": 0.98667,
    "recall_at_3": 0.56511,
    "recall_at_5": 0.66006
  }
}